Group.0A,Product.1,SKU_73216326
Group.0A,Product.2,SKU_73216698
Group.0B,Product.1,SKU_73096968
Group.0B,Product.2,SKU_73096974
Group.0B,Product.3,SKU_73097160
Group.0B,Product.4,SKU_73253916
Group.0B,Product.5,SKU_73253922
Group.0B,Product.6,SKU_73253928
Group.0C,Product.1,SKU_72055044
Group.0C,Product.2,SKU_72055062
Group.0C,Product.3,SKU_72055506
Group.0C,Product.4,SKU_72803640
Group.0C,Product.5,SKU_72803652
Group.0C,Product.6,SKU_72807882
Group.0C,Product.7,SKU_72808152
Group.0C,Product.8,SKU_73051236
Group.0C,Product.9,SKU_73051308
Group.0C,Product.10,SKU_73273638
Group.0D,Product.1,SKU_30618090
Group.0D,Product.2,SKU_72815802
Group.0C,Product.11,SKU_72888678
Group.0E,Product.1,SKU_72367236
Group.0E,Product.2,SKU_72821430
Group.0E,Product.3,SKU_72898650
Group.0E,Product.4,SKU_72898656
Group.0E,Product.5,SKU_72683262
Group.0E,Product.6,SKU_72683268
Group.0E,Product.7,SKU_72683274
Group.0F,Product.1,SKU_72820368
Group.0F,Product.2,SKU_72820380
Group.0F,Product.3,SKU_73494822
Group.0F,Product.4,SKU_73494828
Group.0F,Product.5,SKU_73495272
Group.0F,Product.6,SKU_73495290
Group.0F,Product.7,SKU_73495380
Group.0F,Product.8,SKU_73831572
Group.0F,Product.9,SKU_73831578
Group.0G,Product.1,SKU_72784326
Group.0G,Product.2,SKU_72898416
Group.0G,Product.3,SKU_73117536
Group.0G,Product.4,SKU_73204776
Group.0G,Product.5,SKU_73205352
Group.0G,Product.6,SKU_73205406
Group.0G,Product.7,SKU_73321506
Group.0G,Product.8,SKU_73321518
Group.0G,Product.9,SKU_73826490
Group.0G,Product.10,SKU_73826496
Group.0G,Product.11,SKU_73826502
Group.0G,Product.12,SKU_73826508
Group.0G,Product.13,SKU_73826526
Group.0G,Product.14,SKU_73826532
Group.0G,Product.15,SKU_73826538
Group.0G,Product.16,SKU_73826544
Group.0H,Product.1,SKU_73762158
Group.0H,Product.2,SKU_73762164
Group.0H,Product.3,SKU_73800624
Group.0I,Product.1,SKU_73645686
Group.0I,Product.2,SKU_73645698
Group.0I,Product.3,SKU_73826514
Group.0I,Product.4,SKU_73826730
Group.0J,Product.1,SKU_73264818
Group.0K,Product.1,SKU_30723732
Group.0K,Product.2,SKU_30723744
Group.0K,Product.3,SKU_73028676
Group.0K,Product.4,SKU_73031322
Group.0K,Product.5,SKU_73031352
Group.0K,Product.6,SKU_73032252
Group.0K,Product.7,SKU_73032366
Group.0K,Product.8,SKU_73032414
Group.0K,Product.9,SKU_73032480
Group.0K,Product.10,SKU_73032792
Group.0L,Product.1,SKU_73581378
Group.0L,Product.2,SKU_73644552
Group.0L,Product.3,SKU_73644906
Group.0L,Product.4,SKU_73646646
Group.0L,Product.5,SKU_73646658
Group.0L,Product.6,SKU_73646964
Group.0L,Product.7,SKU_73646970
Group.0L,Product.8,SKU_73647156
Group.0L,Product.9,SKU_73647942
Group.0L,Product.10,SKU_73647948
Group.0L,Product.11,SKU_73647954
Group.0L,Product.12,SKU_73648080
Group.0L,Product.13,SKU_73648086
Group.0L,Product.14,SKU_73648092
Group.0M,Product.1,SKU_72898428
Group.0M,Product.2,SKU_72898434
Group.0M,Product.3,SKU_73454628
Group.0M,Product.4,SKU_73454952
Group.0K,Product.11,SKU_73026018
Group.0K,Product.12,SKU_73026024
Group.0K,Product.13,SKU_73028556
Group.0K,Product.14,SKU_73029294
Group.0N,Product.1,SKU_73648188
Group.0G,Product.17,SKU_72881694
Group.0H,Product.4,SKU_73421706
Group.0H,Product.5,SKU_73421814
Group.0M,Product.5,SKU_72918348
Group.0M,Product.6,SKU_73455006
Group.0K,Product.15,SKU_30686250
Group.0K,Product.16,SKU_30686292
Group.0K,Product.17,SKU_30689766
Group.0K,Product.18,SKU_73026042
Group.0K,Product.19,SKU_73031310
Group.0K,Product.20,SKU_73032318
Group.0K,Product.21,SKU_73032330
Group.0O,Product.1,SKU_30654072
Group.0O,Product.2,SKU_72286434
Group.0O,Product.3,SKU_72288834
Group.0O,Product.4,SKU_72624408
Group.0O,Product.5,SKU_72893712
Group.0O,Product.6,SKU_72893940
Group.0P,Product.1,SKU_73654380
Group.0Q,Product.1,SKU_73654176
Group.0Q,Product.2,SKU_73654260
Group.0Q,Product.3,SKU_73655178
Group.0Q,Product.4,SKU_73655202
Group.0R,Product.1,SKU_73829826
Group.0S,Product.1,SKU_72685488
Group.0S,Product.2,SKU_72685680
Group.0S,Product.3,SKU_72685752
Group.0S,Product.4,SKU_73213416
Group.0S,Product.5,SKU_73213446
Group.0S,Product.6,SKU_73213464
Group.0T,Product.1,SKU_72685686
Group.0T,Product.2,SKU_72685824
Group.0T,Product.3,SKU_72685830
Group.0T,Product.4,SKU_72685836
Group.0T,Product.5,SKU_73213740
Group.0T,Product.6,SKU_73213746
Group.0T,Product.7,SKU_73566114
Group.0U,Product.1,SKU_73025766
Group.0U,Product.2,SKU_73025772
Group.0U,Product.3,SKU_73225626
Group.0U,Product.4,SKU_73244694
Group.0U,Product.5,SKU_73788414
Group.0U,Product.6,SKU_73788600
Group.0V,Product.1,SKU_72869016
Group.0V,Product.2,SKU_73057290
Group.0V,Product.3,SKU_73057296
Group.0V,Product.4,SKU_73057446
Group.0V,Product.5,SKU_73057452
Group.0V,Product.6,SKU_73057488
Group.0V,Product.7,SKU_73057494
Group.0V,Product.8,SKU_73057632
Group.0V,Product.9,SKU_73057638
Group.0V,Product.10,SKU_73112232
Group.0V,Product.11,SKU_73112238
Group.0V,Product.12,SKU_73523790
Group.0V,Product.13,SKU_73778046
Group.0V,Product.14,SKU_73778052
Group.0V,Product.15,SKU_73778058
Group.0V,Product.16,SKU_73778064
Group.0W,Product.1,SKU_73057620
Group.0W,Product.2,SKU_73057668
Group.0W,Product.3,SKU_73057674
Group.0W,Product.4,SKU_73631148
Group.0X,Product.1,SKU_30686520
Group.0X,Product.2,SKU_30686526
Group.0X,Product.3,SKU_72502386
Group.0X,Product.4,SKU_72685860
Group.0X,Product.5,SKU_72685866
Group.0X,Product.6,SKU_72685878
Group.0X,Product.7,SKU_73037832
Group.0X,Product.8,SKU_73805304
Group.0X,Product.9,SKU_73818852
Group.0X,Product.10,SKU_73818858
Group.0Y,Product.1,SKU_73791540
Group.0Y,Product.2,SKU_73795356
Group.0Y,Product.3,SKU_73795362
Group.0Y,Product.4,SKU_73795368
Group.0Z,Product.1,SKU_73429008
Group.0Z,Product.2,SKU_73429014
Group.0Z,Product.3,SKU_73454604
Group.0Z,Product.4,SKU_73591974
Group.0Z,Product.5,SKU_73592040
Group.0S,Product.7,SKU_72685542
Group.0S,Product.8,SKU_72685548
Group.0S,Product.9,SKU_72685554
Group.0T,Product.8,SKU_72663144
Group.0T,Product.9,SKU_72663168
Group.0T,Product.10,SKU_72663174
Group.0T,Product.11,SKU_72685806
Group.0T,Product.12,SKU_72685812
Group.Aa,Product.1,SKU_73499706
Group.Bb,Product.1,SKU_73394808
Group.Bb,Product.2,SKU_73394886
Group.Bb,Product.3,SKU_73394892
Group.Bb,Product.4,SKU_73395300
Group.Aa,Product.2,SKU_73500258
Group.Aa,Product.3,SKU_73500264
Group.Aa,Product.4,SKU_73500270
Group.Cc,Product.1,SKU_73669332
Group.Cc,Product.2,SKU_73670250
Group.Cc,Product.3,SKU_73670712
Group.Dd,Product.1,SKU_73800528
Group.Dd,Product.2,SKU_73800678
Group.Ee,Product.1,SKU_73338822
Group.Ee,Product.2,SKU_73338828
Group.Ff,Product.1,SKU_73497570
Group.Gg,Product.1,SKU_73248612
Group.Gg,Product.2,SKU_73248618
Group.Gg,Product.3,SKU_73248624
Group.Hh,Product.1,SKU_73635342
Group.Ii,Product.1,SKU_73701642
Group.Jj,Product.1,SKU_73581336
Group.Jj,Product.2,SKU_73581660
Group.Jj,Product.3,SKU_73644546
Group.Jj,Product.4,SKU_73644558
Group.Jj,Product.5,SKU_73644600
Group.Jj,Product.6,SKU_73644816
Group.Jj,Product.7,SKU_73644822
Group.Jj,Product.8,SKU_73644918
Group.Jj,Product.9,SKU_73645218
Group.Jj,Product.10,SKU_73645224
Group.Jj,Product.11,SKU_73645506
Group.Jj,Product.12,SKU_73645518
Group.Jj,Product.13,SKU_73646424
Group.Jj,Product.14,SKU_73646430
Group.Jj,Product.15,SKU_73646652
Group.Jj,Product.16,SKU_73647876
Group.Hh,Product.2,SKU_73632792
Group.Hh,Product.3,SKU_73634592
Group.Hh,Product.4,SKU_73635390
Group.Hh,Product.5,SKU_73635492
Group.Hh,Product.6,SKU_73636086
Group.0N,Product.2,SKU_73648560
Group.Hh,Product.7,SKU_73633200
Group.Hh,Product.8,SKU_73633260
Group.Hh,Product.9,SKU_73633266
Group.Hh,Product.10,SKU_73633272
Group.Hh,Product.11,SKU_73633278
Group.Hh,Product.12,SKU_73633284
Group.Hh,Product.13,SKU_73633296
Group.Hh,Product.14,SKU_73634586
Group.Hh,Product.15,SKU_73634598
Group.Hh,Product.16,SKU_73634604
Group.Hh,Product.17,SKU_73634616
Group.Hh,Product.18,SKU_73634622
Group.Hh,Product.19,SKU_73634628
Group.Hh,Product.20,SKU_73634634
Group.Hh,Product.21,SKU_73635300
Group.Hh,Product.22,SKU_73635330
Group.Hh,Product.23,SKU_73635348
Group.Hh,Product.24,SKU_73635420
Group.Hh,Product.25,SKU_73635708
Group.Hh,Product.26,SKU_73635882
Group.Hh,Product.27,SKU_73635888
Group.Hh,Product.28,SKU_73636050
Group.Kk,Product.1,SKU_72038004
Group.Kk,Product.2,SKU_72038010
Group.Kk,Product.3,SKU_72264192
Group.Kk,Product.4,SKU_72620760
Group.Kk,Product.5,SKU_72728628
Group.Kk,Product.6,SKU_73839150
Group.Kk,Product.7,SKU_73839264
Group.0P,Product.2,SKU_73654080
Group.0P,Product.3,SKU_73654086
Group.0P,Product.4,SKU_73654092
Group.Kk,Product.8,SKU_72591324
